Afghanistan,Asghar Afghan,Fareed Ahmad,Javed Ahmadi,Dawlat Ahmadzai,Raees Ahmadzai,Yamin Ahmadzai,Aftab Alam,Mirwais Ashraf,Sharafuddin Ashraf,Rokhan Barakzai,Izatullah Dawlatzai,Usman Ghani,Hasti Gul,Amir Hamza,Hamid Hassan,Ihsanullah,Nasir Jamal,Karim Janat,Rashid Khan,Zahir Khan,Ikram Ali Khil,Nowroz Mangal,Abdullah Mazari,Mohammad Nabi,Gulbadin Naib,Naveen-ul-Haq,Khaleqdaad Noori,Shabir Noori,Noor-ul-Haq,Mohibullah Oryakhel,Karim Sadiq,Shafiqullah,Ahmed Shah,Rahmat Shah,Hashmatullah Shahidi,Mohammad Shahzad,Samiullah Shenwari,Sayed Shirzad,Najeeb Tarakai,Mujeeb Ur Rahman,Dawlat Zadran,Najibullah Zadran,Noor Ali Zadran,Shapoor Zadran,Zakiullah Zaki,Afsar Zazai,Hazratullah Zazai,,,,,,,,,,,,,,,,,,,,,,,,,,,,,,,,,,,,,,,,,,,,,,,,,,,,,,,,,,,,,,,,,,,,,,,,,,,,,,,,,,,,,,,,,,,,,,,,,,,,,,,,,,,,,,,,,,,,,,,,,,,,,,,,,,,,,,,,,,,,,,,,,,,,,,,,,,,,,,,,,,,,,,,,,,,,,,,,,,,,,,,,,,,,,,,,,,,,,,,,,,,,,,,
African_XI,Nicky Boje,Loots Bosman,Johan Botha,Mark Boucher,Elton Chigumbura,A. B. de Villiers,Boeta Dippenaar,Jacques Kallis,Justin Kemp,Albie Morkel,Morné Morkel,Thomas Odoyo,Peter Ongondo,Justin Ontong,Shaun Pollock,Ashwell Prince,Jacques Rudolph,Vusi Sibanda,Graeme Smith,Dale Steyn,Heath Streak,Tatenda Taibu,Steve Tikolo,Monde Zondeki,,,,,,,,,,,,,,,,,,,,,,,,,,,,,,,,,,,,,,,,,,,,,,,,,,,,,,,,,,,,,,,,,,,,,,,,,,,,,,,,,,,,,,,,,,,,,,,,,,,,,,,,,,,,,,,,,,,,,,,,,,,,,,,,,,,,,,,,,,,,,,,,,,,,,,,,,,,,,,,,,,,,,,,,,,,,,,,,,,,,,,,,,,,,,,,,,,,,,,,,,,,,,,,,,,,,,,,,,,,,,,,,,,,,,,
Asian_XI,Shahid Afridi,Shoaib Akhtar,Mohammad Ashraful,Mohammad Asif,Mahendra Singh Dhoni,Rahul Dravid,Dilhara Fernando,Sourav Ganguly,Inzamam-ul-Haq,Sanath Jayasuriya,Mahela Jayawardene,Zaheer Khan,Anil Kumble,Mashrafe Mortaza,Muttiah Muralitharan,Ashish Nehra,Mohammad Rafique,Abdul Razzaq,Kumar Sangakkara,Virender Sehwag,Harbhajan Singh,Yuvraj Singh,Upul Tharanga,Chaminda Vaas,Mohammad Yousuf,,,,,,,,,,,,,,,,,,,,,,,,,,,,,,,,,,,,,,,,,,,,,,,,,,,,,,,,,,,,,,,,,,,,,,,,,,,,,,,,,,,,,,,,,,,,,,,,,,,,,,,,,,,,,,,,,,,,,,,,,,,,,,,,,,,,,,,,,,,,,,,,,,,,,,,,,,,,,,,,,,,,,,,,,,,,,,,,,,,,,,,,,,,,,,,,,,,,,,,,,,,,,,,,,,,,,,,,,,,,,,,,,,,,,
Australia,Sean Abbott,Ashton Agar,Fawad Ahmed,Terry Alderman,Jo Angel,George Bailey,Graeme Beard,Jason Behrendorff,Murray Bennett,Michael Bevan,Andy Bichel,Glenn Bishop,Greg Blewett,Scott Boland,Doug Bollinger,David Boon,Allan Border,Nathan Bracken,Ray Bright,Joe Burns,Ian Callen,Greg Campbell,Ryan Campbell,Alex Carey,Phil Carlson,Hilton Cartwright,Greg Chappell,Ian Chappell,Trevor Chappell,Daniel Christian,Stuart Clark,Wayne Clark,Michael Clarke,David Colley,Alan Connolly,Mark Cosgrove,Gary Cosier,Nathan Coulter-Nile,Dan Cullen,Pat Cummins,Ben Cutting,Adam Dale,Rick Darling,Ian Davis,Simon Davis,Michael Di Venuto,Tony Dodemaide,Xavier Doherty,Brett Dorey,Greg Dyer,Geoff Dymock,John Dyson,Ross Edwards,Wally Edwards,Matthew Elliott,Phil Emery,James Faulkner,Callum Ferguson,Aaron Finch,Damien Fleming,Peter Forrest,Brett Geeves,Dave Gilbert,Adam Gilchrist,Jason Gillespie,Gary Gilmour,Shaun Graf,Brad Haddin,Jeff Hammond,Peter Handscomb,Ryan Harris,Ian Harvey,Shane Harwood,John Hastings,Nathan Hauritz,Matthew Hayden,Josh Hazlewood,Travis Head,Ian Healy,Sam Heazlett,Moisés Henriques,Andrew Hilditch,Ben Hilfenhaus,Brad Hodge,Tom Hogan,Brad Hogg,Rodney Hogg,Bob Holland,David Hookes,James Hopes,Kim Hughes,Merv Hughes,Phillip Hughes,Alan Hurst,David Hussey,Michael Hussey,Phil Jaques,Terry Jenner,Mitchell Johnson,Dean Jones,Brendon Julian,Michael Kasprowicz,Simon Katich,Martin Kent,Robbie Kerr,Usman Khawaja,Jason Krejza,Bruce Laird,Justin Langer,Ben Laughlin,Trevor Laughlin,Stuart Law,Bill Lawry,Geoff Lawson,Brett Lee,Shane Lee,Darren Lehmann,Mick Lewis,Dennis Lillee,Chris Lynn,Nathan Lyon,Glenn Maxwell,Rick McCosker,Rod McCurdy,Craig McDermott,Stuart MacGill,Glenn McGrath,Clinton McKay,Garth McKenzie,John Maclean,Ken MacLeay,John Maguire,Jimmy Maher,Ashley Mallett,Mick Malone,Graham Manou,Geoff Marsh,Mitch Marsh,Rod Marsh,Shaun Marsh,Damien Martyn,Bob Massie,Greg Matthews,Tim May,Joe Mennie,Tom Moody,Jeff Moss,Dirk Nannes,Michael Neser,Ashley Noffke,Marcus North,Simon O'Donnell,Kerry O'Keeffe,Tim Paine,Joel Paris,Len Pascoe,James Pattinson,Wayne B. Phillips,Ricky Ponting,Graeme Porter,Carl Rackemann,Ian Redpath,Bruce Reid,Paul Reiffel,Jhye Richardson,Kane Richardson,Greg Ritchie,Steve Rixon,Gavin Robertson,Richie Robinson,Luke Ronchi,Gurinder Sandhu,Craig Serjeant,Paul Sheahan,D'Arcy Short,Peter Siddle,Jamie Siddons,Bob Simpson,Michael Slater,Steve Smith,Steve Smith,Keith Stackpole,Billy Stanlake,Mitchell Starc,Marcus Stoinis,Anthony Stuart,Andrew Symonds,Shaun Tait,Mark Taylor,Peter Taylor,Alan Thomson,Jeff Thomson,Peter Toohey,Chris Tremain,Glenn Trimble,Alan Turner,Ashton Turner,Andrew Tye,Mike Veletta,Adam Voges,Matthew Wade,Max Walker,Doug Walters,Shane Warne,David Warner,Graeme Watson,Shane Watson,Mark Waugh,Steve Waugh,Dirk Wellham,Kepler Wessels,Dav Whatmore,Cameron White,Mike Whitney,Julien Wiener,Brad Williams,Paul Wilson,Graeme Wood,Ashley Woodcock,Roger Woolley,Daniel Worrall,Kevin Wright,Graham Yallop,Bruce Yardley,Bradley Young,Adam Zampa,Andrew Zesers,Tim Zoehrer,,,,,,,,,,,,,,,,,,,,,,,,,,
Bangladesh,Minhajul Abedin,Nurul Abedin,Aftab Ahmed,Faruk Ahmed,Jamaluddin Ahmed,Nasir Ahmed,Sajjad Ahmed,Salahuddin Ahmed,Shafiuddin Ahmed,Taskin Ahmed,Jahangir Alam,Rafiqul Alam,Mahbubul Alam,Jahangir Alam Talukdar,Shakib Al Hasan,Gazi Ashraf,Mohammad Ashraful,Tareq Aziz,Tapash Baisya,Habibul Bashar,Liton Das,Gholam Faruq,Wahidul Gani,Sohag Gazi,Dhiman Ghosh,Anamul Haque,Ariful Haque,Ehsanul Haque,Enamul Haque,Enamul Haque Jr,Mazharul Haque,Mominul Haque,Shariful Haque,Abul Hasan,Nurul Hasan,Raquibul Hasan,Zakir Hasan,Raqibul Hasan,Mehidy Hasan Miraz,Tanbir Hayder,Abu Hider,Shuvagata Hom,Al-Amin Hossain,Anwar Hossain,Azhar Hossain,Faisal Hossain,Hasibul Hossain,Jubair Hossain,Mehrab Hossain,Mehrab Hossain jnr,Mosharraf Hossain,Nasir Hossain,Nazmul Hossain,Rubel Hossain,Sanwar Hossain,Shahadat Hossain,Shahriar Hossain,Anwar Hossain Monir,Nazmul Hossain Shanto,Nafees Iqbal,Tamim Iqbal,Tushar Imran,Aminul Islam,Aminul Islam Jnr,Jahurul Islam,Naeem Islam,Nazmul Islam,Rafiqul Islam,Robiul Islam,Saiful Islam,Shafiul Islam,Sunzamul Islam,Taijul Islam,Manjural Islam Rana,Manjural Islam,Abu Jayed,Talha Jubair,Ahmed Kamal,Alok Kapali,Imrul Kayes,Akram Khan,Athar Ali Khan,Morshed Ali Khan,Dolar Mahmud,Fazle Mahmud,Khaled Mahmud,Mahmudullah,Khaled Mashud,Mohammad Mithun,Moniruzzaman,Mashrafe Mortaza,Fahim Muntasir,Shahriar Nafees,Nazimuddin,Gholam Nousher,Javed Omar,Mohammad Rafique,Mushfiqur Rahim,Anisur Rahman,Hafizur Rahman,Mafizur Rahman,Mahbubur Rahman,Mushfiqur Rahman,Mustafizur Rahman,Naimur Rahman,Sabbir Rahman,Samiur Rahman,Shaheedur Rahman,Shamsur Rahman,Ziaur Rahman,Syed Rasel,Harunur Rashid,Niamur Rashid,Abdur Razzak,Zahid Razzak,Farhad Reza,Subashis Roy,Al Sahariar,Mohammad Saifuddin,Rajin Saleh,Mohammad Salim,Hannan Sarkar,Soumya Sarkar,Jahangir Shah,Mohammad Sharif,Suhrawadi Shuvo,Junaid Siddique,Arafat Sunny,Elias Sunny,,,,,,,,,,,,,,,,,,,,,,,,,,,,,,,,,,,,,,,,,,,,,,,,,,,,,,,,,,,,,,,,,,,,,,,,,,,,,,,,,,,,,,,,,,,,,,,,,,,,,,,,,,,,,,,,,,,,,,,,,,,,,
Bermuda,Oronde Bascome,Dwight Basden,Glenn Blakeney,Delyone Borden,Lionel Cann,James Celestine,Fiqre Crockwell,Chris Douglas,Hasan Durham,Jekon Edness,Chris Foggo,Treadwell Gibbons,David Hemp,Kyle Hodsoll,Delano Hollis,Kevin Hurdle,Malachi Jones,Stefan Kelly,Dwayne Leverock,Chris Lonsdale,Dean Minors,Daniel Morgan,Saleem Mukuddem,George O'Brien,Steven Outerbridge,Arthur Pitcher,Azeem Pitcher,Oliver Pitcher,Jacobi Robinson,Irving Romaine,Clay Smith,McLaren Smith,Ryan Steede,Rodney Trott,Janeiro Tucker,Kwame Tucker,Tamauri Tucker,,,,,,,,,,,,,,,,,,,,,,,,,,,,,,,,,,,,,,,,,,,,,,,,,,,,,,,,,,,,,,,,,,,,,,,,,,,,,,,,,,,,,,,,,,,,,,,,,,,,,,,,,,,,,,,,,,,,,,,,,,,,,,,,,,,,,,,,,,,,,,,,,,,,,,,,,,,,,,,,,,,,,,,,,,,,,,,,,,,,,,,,,,,,,,,,,,,,,,,,,,,,,,,,,,,,,,,,,
Canada,Qaiser Ali,Ashish Bagai,Harvir Baidwan,Charles Baksh,Balaji Rao,Geoff Barnett,Trevin Bastiampillai,Rustam Bhatti,Umar Bhatti,Ian Billcliff,Robert Callender,Christopher Chappell,Rizwan Cheema,Khurram Chohan,Desmond Chumney,Austin Codrington,George Codrington,Anderson Cummins,Damodar Daesrath,Manoj David,John Davison,Jawad Dawood,Nicholas De Groot,Franklyn Dennis,Parth Desai,Sunil Dhaniram,Haninder Dhillon,Nikhil Dutta,Sami Faridi,Jeremy Gordon,Tyson Gordon,Ruvindu Gunasekera,Jimmy Hansra,Joseph Harris,Stewart Heaney,Cornelius Henry,Calvert Hooper,Zahid Hussain,Nicholas Ifill,Mohammad Iqbal,Abdul Jabbar,Tariq Javed,Karun Jethi,Davis Joseph,Sandeep Jyoti,Kenneth Kamyuka,Arvind Kandappah,Eion Katchay,Shaheed Keshvani,Shahzad Khan,Nitish Kumar,Usman Limbada,Ishwar Maraj,Cecil Marshall,Bryan Mauricette,Don Maxwell,Asif Mulla,Mohsin Mulla,Henry Osinde,Ashish Patel,Hiral Patel,Jitendra Patel,Rayyan Pathan,Jason Patraj,Darren Ramsammy,Raza-ur-Rehman,Abdool Samad,Kevin Sandher,Abdur Sattaur,Glenroy Sealy,Barry Seebaran,Surendra Seeraj,Aftab Shamshudeen,Junaid Siddiqui,Zeeshan Siddiqi,Durand Soraine,Martin Stead,Zubin Surkari,Hamza Tariq,Sanjayan Thuraisingam,John Valentine,John Vaughan,Steven Welsh,Karl Whatham,Zameer Zahir,,,,,,,,,,,,,,,,,,,,,,,,,,,,,,,,,,,,,,,,,,,,,,,,,,,,,,,,,,,,,,,,,,,,,,,,,,,,,,,,,,,,,,,,,,,,,,,,,,,,,,,,,,,,,,,,,,,,,,,,,,,,,,,,,,,,,,,,,,,,,,,,,,,,,,,,,,,,,,,,,,,,,,,,,
East_Africa,Frasat Ali,Zulfiqar Ali,Yunus Badat,Hamish McLeod,Praful Mehta,John Nagenda,PG Nana,Donald Pringle,Mehmood Quaraishy,Ramesh Sethi,Harilal Shah,Jawahir Shah,Shiraz Sumar,Samuel Walusimbi,,,,,,,,,,,,,,,,,,,,,,,,,,,,,,,,,,,,,,,,,,,,,,,,,,,,,,,,,,,,,,,,,,,,,,,,,,,,,,,,,,,,,,,,,,,,,,,,,,,,,,,,,,,,,,,,,,,,,,,,,,,,,,,,,,,,,,,,,,,,,,,,,,,,,,,,,,,,,,,,,,,,,,,,,,,,,,,,,,,,,,,,,,,,,,,,,,,,,,,,,,,,,,,,,,,,,,,,,,,,,,,,,,,,,,,,,,,,,,,,
England,Chris Adams,Jonathan Agnew,Kabir Ali,Moeen Ali,Mark Alleyne,Paul Allott,Tim Ambrose,Dennis Amiss,James Anderson,Zafar Ansari,Jofra Archer,Geoff Arnold,Mike Atherton,Bill Athey,Ian Austin,Rob Bailey,David Bairstow,Jonny Bairstow,Jake Ball,Gary Ballance,Graham Barlow,Kim Barnett,Gareth Batty,Ian Bell,Joey Benjamin,Mark Benson,Martin Bicknell,Sam Billings,Ian Blackwell,Richard Blakey,Ravi Bopara,Scott Borthwick,Ian Botham,Geoffrey Boycott,Mike Brearley,Tim Bresnan,Danny Briggs,Chris Broad,Stuart Broad,Ali Brown,Dougie Brown,Alan Butcher,Roland Butcher,Jos Buttler,Andrew Caddick,David Capel,Michael Carberry,Glen Chapple,Rikki Clarke,Brian Close,Paul Collingwood,Alastair Cook,Geoff Cook,Nick Cook,Geoff Cope,Dominic Cork,Norman Cowans,Chris Cowdrey,Colin Cowdrey,John Crawley,Robert Croft,Sam Curran,Tom Curran,Basil D'Oliveira,Jamie Dalrymple,Steven Davies,Liam Dawson,Phillip DeFreitas,Joe Denly,Mike Denness,Jade Dernbach,Graham Dilley,Paul Downton,Ben Duckett,Mark Ealham,Phil Edmonds,John Edrich,Richard Ellison,John Emburey,Neil Fairbrother,Steven Finn,Matthew Fleming,Keith Fletcher,Andrew Flintoff,Ben Foakes,James Foster,Neil Foster,Graeme Fowler,Paul Franks,Angus Fraser,Bruce French,Mike Gatting,Norman Gifford,Ashley Giles,Graham Gooch,Darren Gough,Ian Gould,David Gower,Paul Grayson,Tony Greig,Harry Gurney,Alex Hales,John Hampshire,Steve Harmison,Frank Hayes,Dean Headley,Eddie Hemmings,Mike Hendrick,Graeme Hick,Matthew Hoggard,Adam Hollioake,Ben Hollioake,Geoff Humpage,Nasser Hussain,Alan Igglesden,Ray Illingworth,Richard Illingworth,Ronnie Irani,Robin Jackman,John Jameson,Paul Jarvis,Trevor Jesty,Richard Johnson,Geraint Jones,Simon Jones,Chris Jordan,Ed Joyce,Robert Key,Craig Kieswetter,James Kirtley,Nick Knight,Alan Knott,Allan Lamb,Wayne Larkins,David Lawrence,John Lever,Peter Lever,Chris Lewis,Jon Lewis,Andy Lloyd,David Lloyd,Graham Lloyd,Alex Loudon,Jim Love,Mal Loye,Brian Luckhurst,Michael Lumb,Monte Lynch,Anthony McGrath,Darren Maddy,Sajid Mahmood,Dawid Malan,Devon Malcolm,Vic Marks,Peter Martin,Dimitri Mascarenhas,Matthew Maynard,Stuart Meaker,Geoff Miller,Eoin Morgan,John Morris,Martyn Moxon,Alan Mullally,Phil Mustard,Paul Nixon,Chris Old,Graham Onions,Craig Overton,Monty Panesar,Stephen Parry,Samit Patel,Kevin Pietersen,Liam Plunkett,Pat Pocock,Derek Pringle,Matt Prior,Neal Radford,Clive Radley,Mark Ramprakash,Derek Randall,Boyd Rankin,Adil Rashid,Chris Read,Dermot Reeve,Steve Rhodes,Jack Richards,Tim Robinson,Toby Roland-Jones,Graham Roope,Joe Root,Brian Rose,Jason Roy,Jack Russell,Ian Salisbury,Owais Shah,Ajmal Shahzad,Ken Shuttleworth,Ryan Sidebottom,Chris Silverwood,Wilf Slack,Gladstone Small,Chris Smith,David Smith,Mike Smith,Neil Smith,Robin Smith,Jeremy Snape,John Snow,Vikram Solanki,David Steele,Graham Stevenson,Alec Stewart,Ben Stokes,Olly Stone,Andrew Strauss,Graeme Swann,Chris Tavaré,Bob Taylor,James Taylor,Les Taylor,Paul Taylor,Greg Thomas,Graham Thorpe,Fred Titmus,Roger Tolchard,Reece Topley,James Tredwell,Chris Tremlett,Marcus Trescothick,Jonathan Trott,Jim Troughton,Alex Tudor,Phil Tufnell,Shaun Udal,Derek Underwood,Michael Vaughan,James Vince,Steve Watkin,Mike Watkinson,Alan Wells,Colin Wells,Vince Wells,Alex Wharf,James Whitaker,Craig White,David Willey,Peter Willey,Bob Willis,Chris Woakes,Barry Wood,Mark Wood,Bob Woolmer,Luke Wright,Michael Yardy
Hong_Kong,Najeeb Aamer,Zain Abbas,Tanwir Afzal,Irfan Ahmed,Nadeem Ahmed,Tanveer Ahmed,Skhawat Ali,Haseeb Amjad,James Atkinson,Waqas Barkat,Hussain Butt,Christopher Carter,Mark Chapman,Manoj Cheruparambil,Kyle Christie,Munir Dar,Tabarak Dar,Alexander French,Ilyas Gul,Afzaal Haider,Nasir Hameed,Babar Hayat,Aizaz Khan,Ehsan Khan,Khalid Khan,Nizakat Khan,Waqas Khan,Courtney Kruger,Sher Lama,Roy Lamsam,Cameron McAuslan,Scott McKechnie,Ishtiaq Muhammad,Ehsan Nawaz,Anshuman Rath,Kinchit Shah,Rahul Sharma,Simandeep Singh,Tim Smart,Ankur Vasishta,Shahid Wasif,,,,,,,,,,,,,,,,,,,,,,,,,,,,,,,,,,,,,,,,,,,,,,,,,,,,,,,,,,,,,,,,,,,,,,,,,,,,,,,,,,,,,,,,,,,,,,,,,,,,,,,,,,,,,,,,,,,,,,,,,,,,,,,,,,,,,,,,,,,,,,,,,,,,,,,,,,,,,,,,,,,,,,,,,,,,,,,,,,,,,,,,,,,,,,,,,,,,,,,,,,,,,,,,,,,,,
India,Varun Aaron,Abid Ali,Khaleel Ahmed,Mohinder Amarnath,Surinder Amarnath,Pravin Amre,Salil Ankola,Arshad Ayub,Bharat Arun,Ravichandran Ashwin,Kirti Azad,Mohammad Azharuddin,Hemang Badani,Subramaniam Badrinath,Sairaj Bahutule,Lakshmipathy Balaji,Subroto Banerjee,Sanjay Bangar,Atul Bedade,Bishan Singh Bedi,Amit Bhandari,Vijay Bharadwaj,Roger Binny,Stuart Binny,Gopal Bose,Jasprit Bumrah,Yuzvendra Chahal,Deepak Chahar,Bhagwat Chandrasekhar,V. B. Chandrasekhar,Utpal Chatterjee,Chetan Chauhan,Rajesh Chauhan,Piyush Chawla,Nikhil Chopra,Vijay Dahiya,Shiv Sunder Das,Deep Dasgupta,Noel David,Kapil Dev,Pankaj Dharmani,Rishi Dhawan,Shikhar Dhawan,Mahendra Singh Dhoni,Sameer Dighe,Ashok Dinda,Dilip Doshi,Rahul Dravid,Farokh Engineer,Faiz Fazal,Anshuman Gaekwad,Gautam Gambhir,Devang Gandhi,Dodda Ganesh,Sourav Ganguly,Rohan Gavaskar,Sunil Gavaskar,Rajinder Ghai,Karsan Ghavri,Shubman Gill,Manpreet Gony,Narendra Hirwani,Shreyas Iyer,Ajay Jadeja,Ravindra Jadeja,Kedar Jadhav,Wasim Jaffer,Sunil Joshi,Mohammad Kaif,Abhijit Kale,Vinod Kambli,Hrishikesh Kanitkar,Aashish Kapoor,Saba Karim,Dinesh Karthik,Murali Kartik,Zaheer Khan,Surinder Khanna,Gagan Khoda,Amay Khurasiya,Syed Kirmani,Virat Kohli,Pochiah Krishnamurthy,Dhawal Kulkarni,Nilesh Kulkarni,Raju Kulkarni,Bhuvneshwar Kumar,Praveen Kumar,Vinay Kumar,Thirunavukkarasu Kumaran,Anil Kumble,Abey Kuruvilla,Raman Lamba,V. V. S. Laxman,Arun Lal,Madan Lal,Ashok Malhotra,Sanjay Manjrekar,Ashok Mankad,Jacob Martin,Paras Mhambrey,Amit Mishra,Abhimanyu Mithun,Debashish Mohanty,Dinesh Mongia,Nayan Mongia,Kiran More,Saradindu Mukherjee,Sudhir Naik,Karun Nair,Suru Nayak,Abhishek Nayar,Ashish Nehra,Naman Ojha,Pragyan Ojha,Gyanendra Pandey,Manish Pandey,Chandrakant Pandit,Hardik Pandya,Rishabh Pant,Jatin Paranjpe,Ghulam Parkar,Ashok Patel,Axar Patel,Brijesh Patel,Munaf Patel,Parthiv Patel,Rashid Patel,Irfan Pathan,Yusuf Pathan,Sandeep Patil,Ramesh Powar,Manoj Prabhakar,Venkatesh Prasad,MSK Prasad,Cheteshwar Pujara,Ajinkya Rahane,KL Rahul,Suresh Raina,Lalchand Rajput,Venkatapathy Raju,Woorkeri Raman,Sadagoppan Ramesh,Parvez Rasool,Vikram Rathour,Ajay Ratra,Sanjay Raul,Ambati Rayudu,Vivek Razdan,Bharath Reddy,Wriddhiman Saha,Aavishkar Salvi,Balwinder Sandhu,Rahul Sanghvi,Virender Sehwag,T. A. Sekhar,Mohammed Shami,Vijay Shankar,Ajay Sharma,Chetan Sharma,Gopal Sharma,Ishant Sharma,Joginder Sharma,Karn Sharma,Mohit Sharma,Parthasarathy Sharma,Rahul Sharma,Rohit Sharma,Sanjeev Sharma,Yashpal Sharma,Ravi Shastri,Laxmi Ratan Shukla,Navjot Singh Sidhu,Bhupinder Singh snr,Gurkeerat Singh,Gursharan Singh,Harbhajan Singh,Harvinder Singh,Maninder Singh,Pankaj Singh,Randhir Singh,R. P. Singh,R. P. Singh,Robin Singh,Sarandeep Singh,V. R. V. Singh,Yograj Singh,Yuvraj Singh,Mohammed Siraj,Laxman Sivaramakrishnan,Reetinder Sodhi,Eknath Solkar,Sujith Somasunder,Barinder Sran,Shanthakumaran Sreesanth,Krishnamachari Srikkanth,Javagal Srinath,Tirumalai Srinivasan,Sridharan Sriram,Sudhakar Rao,Sachin Tendulkar,Shardul Thakur,Manoj Tiwary,Saurabh Tiwary,Sudeep Tyagi,Jaydev Unadkat,Robin Uthappa,Prashant Vaidya,Dilip Vengsarkar,Srinivas Venkataraghavan,M. Venkataramana,Yalaka Venugopal Rao,Murali Vijay,Gundappa Viswanath,Sadanand Viswanath,Ajit Wadekar,Abdul Waheed,Atul Wassan,Jai Yadav,Jayant Yadav,Kuldeep Yadav,Shivlal Yadav,Umesh Yadav,Vijay Yadav,Tinu Yohannan,,,,,,,,,,,,,,,,,,,,,,,,,,,,,
Ireland,Mark Adair,John Anderson,Andrew Balbirnie,Andre Botha,Jeremy Bray,Andrew Britton,James Cameron-Dow,Kenny Carroll,Peter Chase,Peter Connell,Alex Cusack,George Dockrell,Phil Eaglestone,Thinus Fourie,Peter Gillespie,Ryan Haire,James Hall,Trent Johnston,Nigel Jones,Dominick Joyce,Ed Joyce,Gary Kidd,Dave Langford-Smith,Joshua Little,Andy McBrine,Kyle McCallan,Rory McCann,Graeme McCarter,Barry McCarthy,James McCollum,John Mooney,Paul Mooney,Eoin Morgan,Jacob Mulder,Tim Murtagh,Kevin O'Brien,Niall O'Brien,William Porterfield,Andrew Poynter,Stuart Poynter,Boyd Rankin,Eddie Richardson,James Shannon,Simi Singh,Max Sorensen,Paul Stirling,Reinhardt Strydom,Sean Terry,Greg Thompson,Stuart Thompson,Lorcan Tucker,Albert van der Merwe,Regan West,Roger Whelan,Andrew White,Gary Wilson,Craig Young,,,,,,,,,,,,,,,,,,,,,,,,,,,,,,,,,,,,,,,,,,,,,,,,,,,,,,,,,,,,,,,,,,,,,,,,,,,,,,,,,,,,,,,,,,,,,,,,,,,,,,,,,,,,,,,,,,,,,,,,,,,,,,,,,,,,,,,,,,,,,,,,,,,,,,,,,,,,,,,,,,,,,,,,,,,,,,,,,,,,,,,,,,,,,,,,,,,,,
Kenya,Josephat Ababu,Rageb Aga,Duncan Allan,Rajab Ali,Joseph Angara,Rajesh Bhudia,Emmanuel Bundi,Dipak Chudasama,Dhiren Gondaria,Runish Gudhka,Sandeep Gupta,Tariq Iqbal,Jimmy Kamande,Aasif Karim,Irfan Karim,Alfred Luseno,Tanmay Mishra,Hitesh Modi,James Ngoche,Shem Obado,Alex Obanda,Collins Obuya,David Obuya,Nehemiah Odhiambo,Nelson Odhiambo,Thomas Odoyo,Edward Odumbe,Maurice Odumbe,Lucas Oluoch,Peter Ongondo,Lamech Onyango,Elijah Otieno,Francis Otieno,Kennedy Otieno,Morris Ouma,Brijal Patel,Kalpesh Patel,Malhar Patel,Rakep Patel,Ravindu Shah,Mohammad Sheikh,Gurdeep Singh,Tony Suji,Martin Suji,David Tikolo,Steve Tikolo,Aldesh Vadher,Hiren Varaiya,Seren Waters,Dominic Wesonga,,,,,,,,,,,,,,,,,,,,,,,,,,,,,,,,,,,,,,,,,,,,,,,,,,,,,,,,,,,,,,,,,,,,,,,,,,,,,,,,,,,,,,,,,,,,,,,,,,,,,,,,,,,,,,,,,,,,,,,,,,,,,,,,,,,,,,,,,,,,,,,,,,,,,,,,,,,,,,,,,,,,,,,,,,,,,,,,,,,,,,,,,,,,,,,,,,,,,,,,,,,,
Namibia,Stephan Baard,Karl Birkenstock,Jan-Berrie Burger,Louis Burger,Sarel Burger,Gerhard Erasmus,Jan Frylinck,Zane Green,Morne Karg,Daniel Keulder,Bjorn Kotze,Deon Kotze,Jean-Pierre Kotze,Lennie Louw,Bryan Murgatroyd,Bernard Scholtz,JJ Smit,Gerrie Snyman,Stephan Swanepoel,Burton van Rooi,Melt van Schoor,Rudi van Vuuren,Christi Viljoen,Riaan Walters,Craig Williams,Pikky Ya France,,,,,,,,,,,,,,,,,,,,,,,,,,,,,,,,,,,,,,,,,,,,,,,,,,,,,,,,,,,,,,,,,,,,,,,,,,,,,,,,,,,,,,,,,,,,,,,,,,,,,,,,,,,,,,,,,,,,,,,,,,,,,,,,,,,,,,,,,,,,,,,,,,,,,,,,,,,,,,,,,,,,,,,,,,,,,,,,,,,,,,,,,,,,,,,,,,,,,,,,,,,,,,,,,,,,,,,,,,,,,,,,,,,,
Nepal,Dipendra Singh Airee,Binod Bhandari,Lalit Bhandari,Shakti Gauchan,Sundeep Jora,Sompal Kami,Karan KC,Paras Khadka,Subash Khakurel,Rohit Kumar,Sandeep Lamichhane,Gyanendra Malla,Lalit Rajbanshi,Basanta Regmi,Sagar Pun,Pawan Sarraf,Anil Sah,Aarif Sheikh,Sharad Vesawkar,,,,,,,,,,,,,,,,,,,,,,,,,,,,,,,,,,,,,,,,,,,,,,,,,,,,,,,,,,,,,,,,,,,,,,,,,,,,,,,,,,,,,,,,,,,,,,,,,,,,,,,,,,,,,,,,,,,,,,,,,,,,,,,,,,,,,,,,,,,,,,,,,,,,,,,,,,,,,,,,,,,,,,,,,,,,,,,,,,,,,,,,,,,,,,,,,,,,,,,,,,,,,,,,,,,,,,,,,,,,,,,,,,,,,,,,,,,
Netherlands,Flavian Aponso,Paul-Jan Bakker,Wesley Barresi,Peter Borren,Mudassar Bukhari,Atse Buurman,Peter Cantrell,Nolan Clarke,Ben Cooper,Tom Cooper,Tom de Grooth,Bas de Leede,Tim de Leede,Wilfred Diepeveen,Scott Edwards,Jacob-Jan Esmeijer,Eric Gouka,Victor Grandia,Tim Gruijters,Tom Heggelman,Floris Jansen,Mark Jonkman,Maurits Jonkman,Mohammad Kashif,Alexei Kervezee,Vivian Kingma,Fred Klaassen,Feiko Kloppenburg,Bradley Kruger,Neil Kruger,Roland Lefebvre,Bernard Loots,Steven Lubbers,Ahsan Malik,Geert-Maarten Mol,Hendrik-Jan Mol,Stephan Myburgh,Ruud Nijman,Mangesh Panchal,Adeel Raja,Darron Reekers,Michael Rippon,Marcelis Schewe,Edgar Schiferli,Reinout Scholte,Pieter Seelaar,Jeroen Smits,Shane Snater,Nick Statham,Billy Stelling,Lesley Stokkers,Michael Swart,Eric Szwarczynski,Ryan ten Doeschate,Vinoo Tewarie,Daan van Bunge,Timm van der Gugten,Paul van Meekeren,Maurits van Nierop,Klaas-Jan van Noortwijk,Robert van Oosterom,Daniel ter Braak,Luuk van Troost,Berend Westdijk,Bastiaan Zuiderent,,,,,,,,,,,,,,,,,,,,,,,,,,,,,,,,,,,,,,,,,,,,,,,,,,,,,,,,,,,,,,,,,,,,,,,,,,,,,,,,,,,,,,,,,,,,,,,,,,,,,,,,,,,,,,,,,,,,,,,,,,,,,,,,,,,,,,,,,,,,,,,,,,,,,,,,,,,,,,,,,,,,,,,,,,,,,,,,,,,,,,,,,,,,,
New_Zealand,Andre Adams,Graeme Aldridge,Geoff Allott,Corey Anderson,Robert Anderson,Nathan Astle,Todd Astle,Mark Bailey,Michael Bates,Matthew Bell,Hamish Bennett,Tony Blain,Bruce Blair,Shane Bond,Stephen Boock,Trent Boult,Brendon Bracewell,Doug Bracewell,John Bracewell,Grant Bradburn,Neil Broom,Vaughan Brown,Dean Brownlie,Carl Bulfin,Mark Burgess,Ian Butler,Lance Cairns,Chris Cairns,Tama Canning,Ewen Chatfield,Richard Collinge,Peter Coman,Jeremy Coney,Bevan Congdon,Jeff Crowe,Martin Crowe,Craig Cumming,Heath Davis,Colin de Grandhomme,Richard de Groen,Anton Devcich,Brendon Diamanti,Mark Douglas,Simon Doull,Chris Drum,Bruce Edgar,Graham Edwards,Grant Elliott,Andrew Ellis,Lockie Ferguson,Stephen Fleming,Daniel Flynn,James Franklin,Trevor Franklin,Peter Fulton,Lee Germon,Mark Gillespie,Stuart Gillespie,Evan Gray,Mark Greatbatch,Martin Guptill,Barry Hadlee,Dayle Hadlee,Richard Hadlee,Lance Hamilton,Chris Harris,Matthew Hart,Robbie Hart,Ronald Hart,Blair Hartland,Mark Haslam,Brian Hastings,Roydon Hayes,Matt Henry,Paul Hitchcock,Gareth Hopkins,Matthew Horne,Phil Horne,Jamie How,Geoff Howarth,Hedley Howarth,Llorne Howell,Peter Ingram,Andrew Jones,Richard Jones,Robert Kennedy,Chris Kuggeleijn,Scott Kuggeleijn,Gavin Larsen,Rodney Latham,Tom Latham,Warren Lees,Mitchell McClenaghan,Brendon McCullum,Nathan McCullum,Paul McEwan,Peter McGlashan,Andy McKay,Brian McKechnie,Craig McMillan,Ervin McSweeney,Hamish Marshall,James Marshall,Chris Martin,Michael Mason,Andrew Mathieson,Jonathan Millmow,Kyle Mills,Adam Milne,Danny Morrison,John Morrison,Colin Munro,Darrin Murray,Dion Nash,James Neesham,Tarun Nethula,Chris Nevin,Henry Nicholls,Rob Nicol,Iain O'Brien,Shayne O'Connor,Jacob Oram,David O'Sullivan,Michael Owens,Michael Papps,John Parker,Norman Parker,Adam Parore,Dipak Patel,Jeetan Patel,Andrew Penn,Richard Petrie,Vic Pollard,Mark Priest,Chris Pringle,Seth Rance,Aaron Redmond,Rodney Redmond,John Fulton Reid,Richard Reid,Mark Richardson,Andrew Roberts,Stuart Roberts,Gary Robertson,Luke Ronchi,Hamish Rutherford,Ken Rutherford,Jesse Ryder,Mitchell Santner,Tim Seifert,Mathew Sinclair,Ian Smith,Martin Snedden,Ish Sodhi,Tim Southee,Craig Spearman,Shanan Stewart,Derek Stirling,Warren Stott,Scott Styris,Murphy Su'a,Glen Sulzberger,Alex Tait,Bruce Taylor,Ross Taylor,Ewen Thompson,Shane Thomson,Gary Troup,Daryl Tuffey,Glenn Turner,Roger Twose,Robert Vance,Justin Vaughan,Daniel Vettori,Lou Vincent,Graham Vivian,Ken Wadsworth,Brooke Walker,Matthew Walker,Kerry Walmsley,BJ Watling,Willie Watson,Peter Webb,Richard Webb,Ben Wheeler,David White,Kane Williamson,Jeff Wilson,Paul Wiseman,Warren Wisneski,Luke Woodcock,George Worker,John Wright,Bryan Young,,,,,,,,,,,,,,,,,,,,,,,,,,,,,,,,,,,,,,,,,,,,,,,,,,,,,,,,,,,,
Oman,Khawar Ali,Fayyaz Butt,Sandeep Goud,Aqib Ilyas,Kaleemullah,Bilal Khan,Suraj Kumar,Zeeshan Maqsood,Mohammad Nadeem,Khurram Nawaz,Jatinder Singh,,,,,,,,,,,,,,,,,,,,,,,,,,,,,,,,,,,,,,,,,,,,,,,,,,,,,,,,,,,,,,,,,,,,,,,,,,,,,,,,,,,,,,,,,,,,,,,,,,,,,,,,,,,,,,,,,,,,,,,,,,,,,,,,,,,,,,,,,,,,,,,,,,,,,,,,,,,,,,,,,,,,,,,,,,,,,,,,,,,,,,,,,,,,,,,,,,,,,,,,,,,,,,,,,,,,,,,,,,,,,,,,,,,,,,,,,,,,,,,,,,,
Pakistan,Aamer Hameed,Aamer Hanif,Aamer Malik,Aamer Nazir,Aamer Sohail,Aamer Yamin,Aaqib Javed,Abdul Qadir,Abdul Razzaq,Abdur Rauf,Abdur Rehman,Abid Ali,Adnan Akmal,Ahmed Shehzad,Aizaz Cheema,Akhtar Sarfraz,Akram Raza,Anil Dalpat,Anwar Ali,Arshad Khan,Arshad Pervez,Asad Ali,Asad Shafiq,Ashfaq Ahmed,Ashraf Ali,Asif Ali,Asif Iqbal,Asif Mahmood,Asif Masood,Asif Mujtaba,Asim Kamal,Ata-ur-Rehman,Atiq-uz-Zaman,Azam Khan,Azeem Hafeez,Azhar Ali,Azhar Mahmood,Azmat Rana,Babar Azam,Basit Ali,Bazid Khan,Bilal Asif,Bilawal Bhatti,Danish Kaneria,Ehsan Adil,Faheem Ashraf,Faisal Athar,Faisal Iqbal,Fakhar Zaman,Fawad Alam,Fazl-e-Akbar,Ghulam Ali,Haafiz Shahid,Hammad Azam,Haris Sohail,Haroon Rashid,Hasan Ali,Hasan Jamil,Hasan Raza,Humayun Farhat,Hussain Talat,Iftikhar Ahmed,Iftikhar Anjum,Ijaz Ahmed,Ijaz Ahmed jnr,Ijaz Faqih,Imad Wasim,Imam-ul-Haq,Imran Abbas,Imran Farhat,Imran Khan,Imran Nazir,Intikhab Alam,Inzamam-ul-Haq,Iqbal Qasim,Iqbal Sikander,Irfan Bhatti,Irfan Fazil,Jalal-ud-din,Javed Miandad,Javed Qadeer,Junaid Khan,Junaid Zia,Kabir Khan,Kamran Akmal,Kamran Hussain,Kashif Raza,Khalid Latif,Khurram Manzoor,Liaqat Ali,Mahmood Hamid,Majid Khan,Mansoor Akhtar,Mansoor Amjad,Mansoor Rana,Manzoor Akhtar,Manzoor Elahi,Maqsood Rana,Masood Iqbal,Misbah-ul-Haq,Mohammad Abbas,Mohammad Aamer,Mohammad Akram,Mohammad Asif,Mohammad Hafeez,Mohammad Hasnain,Mohammad Hussain,Mohammad Irfan,Mohammad Khalil,Mohammad Nawaz,Mohammad Nazir,Mohammad Rizwan,Mohammad Salman,Mohammad Sami,Mohammad Talha,Mohammad Wasim,Mohammad Yousuf,Mohammad Zahid,Mohsin Kamal,Mohsin Khan,Moin-ul-Atiq,Moin Khan,Mudassar Nazar,Mujahid Jamshed,Mushtaq Ahmed,Mushtaq Mohammad,Nadeem Ghauri,Nadeem Khan,Naeem Ahmed,Naeem Ashraf,Najaf Shah,Naseer Malik,Nasim-ul-Ghani,Nasir Jamshed,Naumanullah,Rana Naved-ul-Hasan,Naved Anjum,Naved Latif,Pervez Mir,Qasim Umar,Rahat Ali,Rameez Raja,Rashid Khan,Rashid Latif,Raza Hasan,Rizwan-uz-Zaman,Rizwan Ahmed,Rumman Raees,Saad Ali,Saad Nasim,Saadat Ali,Sadiq Mohammad,Saeed Ajmal,Saeed Anwar,Saeed Azad,Sajid Ali,Sajjad Akbar,Saleem Altaf,Saleem Elahi,Saleem Jaffar,Saleem Malik,Saleem Pervez,Saleem Yousuf,Salman Butt,Sami Aslam,Samiullah Khan,Saqlain Mushtaq,Sarfaraz Ahmed,Sarfraz Nawaz,Shabbir Ahmed,Shadab Kabir,Shadab Khan,Shafiq Ahmed,Shaheen Afridi,Shahid Afridi,Shahid Anwar,Shahid Mahboob,Shahid Nazir,Shahid Saeed,Shahzaib Hasan,Shakeel Ahmed jnr,Shakeel Khan,Shan Masood,Sharjeel Khan,Shoaib Akhtar,Shoaib Malik,Shoaib Mohammad,Sikander Bakht,Sohaib Maqsood,Sohail Fazal,Sohail Khan,Sohail Tanvir,Tahir Naqqash,Tanvir Ahmed,Tanvir Mehdi,Taslim Arif,Taufeeq Umar,Tauseef Ahmed,Umar Akmal,Umar Amin,Umar Gul,Usman Shinwari,Usman Salahuddin,Wahab Riaz,Wajahatullah Wasti,Waqar Younis,Wasim Akram,Wasim Bari,Wasim Haider,Wasim Raja,Yasir Arafat,Yasir Hameed,Yasir Shah,Younis Ahmed,Younis Khan,Zafar Gohar,Zafar Iqbal,Zaheer Abbas,Zahid Ahmed,Zahid Fazal,Zahoor Elahi,Zakir Khan,Zulfiqar Babar,Zulqarnain Haider,,,,,,,,,,,,,,,,,,,,,,,,,,,,,,
Papua_New_Guinea,Charles Amini,Chris Amini,Simon Atai,Dogodo Bau,Sese Bau,Mahuru Dai,Kiplin Doriga,Willie Gavera,Hiri Hiri,Geraint Jones,Jason Kila,Vani Morea,Alei Nao,Nosaina Pokana,Pipi Raho,Damien Ravu,John Reva,Lega Siaka,Chad Soper,Tony Ura,Assad Vala,Norman Vanua,Jack Vare,,,,,,,,,,,,,,,,,,,,,,,,,,,,,,,,,,,,,,,,,,,,,,,,,,,,,,,,,,,,,,,,,,,,,,,,,,,,,,,,,,,,,,,,,,,,,,,,,,,,,,,,,,,,,,,,,,,,,,,,,,,,,,,,,,,,,,,,,,,,,,,,,,,,,,,,,,,,,,,,,,,,,,,,,,,,,,,,,,,,,,,,,,,,,,,,,,,,,,,,,,,,,,,,,,,,,,,,,,,,,,,,,,,,,,,
Scotland,Michael Allingham,Asim Butt,Richie Berrington,John Blain,James Brinkley,Dougie Brown,Dylan Budge,Scott Cameron,Neil Carter,Stuart Chalmers,Kyle Coetzer,Freddie Coleman,Matthew Cross,Josh Davey,Alec Davies,Con de Lange,Gordon Drummond,Nicholas Dyer,Alasdair Evans,Ryan Flannigan,Hamish Gardiner,Gordon Goudie,Oli Hairs,Gavin Hamilton,Majid Haq,Paul Hoffmann,Omer Hussain,Moneeb Iqbal,Michael Jones,Michael Leask,Dougie Lockhart,Ross Lyons,Neil McCallum,Calum MacLeod,Neil MacRae,Matt Machan,Gregor Maiden,Preston Mommsen,George Munsey,David Murphy,Dewald Nel,Matthew Parker,Bruce Patterson,Marc Petrie,Iain Philip,Navdeep Poonia,Glenn Rogers,George Salmond,Safyaan Sharif,Qasim Sheikh,Colin Smith,Michael Smith,Ruaidhri Smith,Chris Sole,Tom Sole,Jan Stander,Ian Stanger,Robert Taylor,Craig Wallace,Iain Wardlaw,Ryan Watson,Mark Watt,Fraser Watts,Bradley Wheal,Stuart Whittingham,Greig Williamson,Craig Wright,,,,,,,,,,,,,,,,,,,,,,,,,,,,,,,,,,,,,,,,,,,,,,,,,,,,,,,,,,,,,,,,,,,,,,,,,,,,,,,,,,,,,,,,,,,,,,,,,,,,,,,,,,,,,,,,,,,,,,,,,,,,,,,,,,,,,,,,,,,,,,,,,,,,,,,,,,,,,,,,,,,,,,,,,,,,,,,,,,,,,,,,,,,
South_Africa,Kyle Abbott,Shafiek Abrahams,Paul Adams,Hashim Amla,Adam Bacher,Temba Bavuma,Farhaan Behardien,Dale Benkenstein,Gulam Bodi,Nicky Boje,Tertius Bosch,Loots Bosman,Johan Botha,Mark Boucher,Rudi Bryson,David Callaghan,Jimmy Cook,Hansie Cronje,Derek Crookes,Daryll Cullinan,Junior Dala,Henry Davids,Alan Dawson,Quinton de Kock,Marchant de Lange,AB de Villiers,Fanie de Villiers,Boeta Dippenaar,Allan Donald,Jean-Paul Duminy,Faf du Plessis,Dean Elgar,Clive Eksteen,Steve Elworthy,Herschelle Gibbs,Andrew Hall,Paul Harris,Nantie Hayward,Claude Henderson,Beuran Hendricks,Reeza Hendricks,Omar Henry,Andrew Hudson,Colin Ingram,Steven Jack,Christiaan Jonker,Jacques Kallis,Justin Kemp,Jon Kent,Gary Kirsten,Peter Kirsten,Heinrich Klaasen,Rory Kleinveldt,Lance Klusener,Louis Koen,Garnett Kruger,Adrian Kuiper,Charl Langeveldt,Gerhardus Liebenberg,Johann Louw,Neil McKenzie,Ryan McLaren,Brian McMillan,Keshav Maharaj,Aiden Markram,Craig Matthews,David Miller,Albie Morkel,Morné Morkel,Chris Morris,Victor Mpitsang,Willem Mulder,André Nel,Lungi Ngidi,Anrich Nortje,Makhaya Ntini,Duanne Olivier,Justin Ontong,Steve Palframan,Wayne Parnell,Dane Paterson,Alviro Petersen,Robin Peterson,Aaron Phangiso,Andile Phehlukwayo,Vernon Philander,Shaun Pollock,Nic Pothas,Dwaine Pretorius,Ashwell Prince,Meyrick Pringle,Andrew Puttick,Kagiso Rabada,Jonty Rhodes,Clive Rice,Dave Richardson,Michael Rindel,Rilee Rossouw,Jacques Rudolph,David Rundle,Mark Rushmere,Brett Schultz,Tabraiz Shamsi,Tim Shaw,Mthokozisi Shezi,Eric Simons,Graeme Smith,Richard Snell,Errol Stewart,Dale Steyn,Rudi Steyn,Pieter Strydom,Pat Symcox,Imran Tahir,Roger Telemachus,David Terbrugge,Rusty Theron,Thandi Tshabalala,Lonwabo Tsotsobe,Rassie van der Dussen,Roelof van der Merwe,Johannes van der Wath,Martin van Jaarsveld,Vaughn van Jaarsveld,Morne van Wyk,Corrie van Zyl,Kepler Wessels,David Wiese,Henry Williams,Charl Willoughby,Mandy Yachad,Monde Zondeki,Khaya Zondo,,,,,,,,,,,,,,,,,,,,,,,,,,,,,,,,,,,,,,,,,,,,,,,,,,,,,,,,,,,,,,,,,,,,,,,,,,,,,,,,,,,,,,,,,,,,,,,,,,,,,,,,,,,,,,,,,,,,,,,,,
Sri_Lanka,Saliya Ahangama,Kaushik Amalean,Ishara Amerasinghe,Don Anurasiri,Amila Aponso,Russel Arnold,Marvan Atapattu,Chaminda Bandara,Malinga Bandara,Niroshan Bandaratilleke,Hemantha Boteju,Charitha Buddhika,Dushmantha Chameera,Upul Chandana,Dinesh Chandimal,Akila Dananjaya,Pubudu Dassanayake,Guy de Alwis,Ashantha De Mel,Indika de Saram,Ajit de Silva,Aravinda de Silva,Ashley de Silva,Asoka de Silva,Chathuranga de Silva,Dhananjaya de Silva,Granville de Silva,Lanka de Silva,Sajeewa de Silva,Somachandra de Silva,Stanley de Silva,Kumar Dharmasena,Roy Dias,Niroshan Dickwella,Tillakaratne Dilshan,Chamara Dunusinghe,Shaminda Eranga,Asitha Fernando,Avishka Fernando,Dilhara Fernando,Dinusha Fernando,Hasantha Fernando,Lalithamana Fernando,Nisal Fernando,Oshada Fernando,Ranjit Fernando,Susil Fernando,Vishwa Fernando,Indika Gallage,Chamila Gamage,Dharshana Gamage,Janak Gamage,Lahiru Gamage,Akalanka Ganegama,Yohan Goonasekera,Mahes Goonatilleke,Pulasthi Gunaratne,Danushka Gunathilaka,Ranjan Gunatilleke,Aruna Gunawardene,Avishka Gunawardene,Asanka Gurusinha,Wanidu Hasaranga,Chandika Hathurusingha,Rangana Herath,David Heyn,Saman Jayantha,Pradeep Jayaprakashdaran,Rohan Jayasekera,Sunil Jayasinghe,Prabath Jayasuriya,Sanath Jayasuriya,Shehan Jayasuriya,Mahela Jayawardene,Prasanna Jayawardene,Sridharan Jeganathan,Vinothen John,Ruwan Kalpage,Lalith Kaluperuma,Sanath Kaluperuma,Romesh Kaluwitharana,Thilina Kandamby,Chamara Kapugedera,Uvais Karnain,Dimuth Karunaratne,Tharindu Kaushal,Kosala Kulasekara,Nuwan Kulasekara,Lahiru Kumara,Brendon Kuruppu,Graeme Labrooy,Suranga Lakmal,Dulip Liyanage,Kaushal Lokuarachchi,Dilhara Lokuhettige,Ranjan Madugalle,Ranjith Madurasinghe,Lahiru Madushanka,Shehan Madushanka,Roshan Mahanama,Farveez Maharoof,Lasith Malinga,Angelo Mathews,Ajantha Mendis,Duleep Mendis,Chaminda Mendis,Jeevan Mendis,Kamindu Mendis,Kusal Mendis,Jehan Mubarak,Manjula Munasinghe,Dilshan Munaweera,Muttiah Muralitharan,Naveed Nawaz,Prabath Nissanka,Tony Opatha,Sudath Pasqual,Sachith Pathirana,Angelo Perera,Suresh Perera,Gamini Perera,Dilruwan Perera,Kusal Perera,Priyamal Perera,Ruchira Perera,Thissara Perera,Mevan Pieris,Nuwan Pradeep,Dammika Prasad,Seekkuge Prasanna,Ashan Priyanjan,Malinda Pushpakumara,Muthumudalige Pushpakumara,Ravindra Pushpakumara,Ashan Priyanjan,Kasun Rajitha,Champaka Ramanayake,Anura Ranasinghe,Keerthi Ranasinghe,Arjuna Ranatunga,Dammika Ranatunga,Nishantha Ranatunga,Sanjeeva Ranatunga,Suraj Randiv,Nilantha Ratnayake,Rumesh Ratnayake,Ravi Ratnayeke,Athula Samarasekera,Dulip Samaraweera,Thilan Samaraweera,Sadeera Samarawickrama,Lakshan Sandakan,Kumar Sangakkara,Charith Senanayake,Sachithra Senanayake,Dasun Shanaka,Jayantha Silva,Chamara Silva,Amal Silva,Milinda Siriwardana,Anura Tennekoon,Upul Tharanga,Lahiru Thirimanne,Thilan Thushara,Hashan Tillakaratne,Michael Tissera,Isuru Udana,Mahela Udawatte,Eric Upashantha,Chaminda Vaas,Jeffrey Vandersay,Michael Vandort,Kithuruwan Vithanage,Marlon Vonhagt,Bandula Warnapura,Malinda Warnapura,Jayananda Warnaweera,Ajith Weerakkody,Sandun Weerakkody,Sajeewa Weerakoon,Kaushalya Weeraratne,Chanaka Welegedara,Mithra Wettimuny,Sidath Wettimuny,Sunil Wettimuny,Hemantha Wickramaratne,Pramodya Wickramasinghe,Gamini Wickremasinghe,Kapila Wijegunawardene,Roger Wijesuriya,Nuwan Zoysa,,,,,,,,,,,,,,,,,,,,,,,,,,,,,,,,,,,,,,,,,,,,,,,,,,,,,,,,,,,,,,,
United_Arab_Emirates,Ali Asad Abbas,Imtiaz Abbasi,Ashfaq Ahmed,Fayyaz Ahmed,Qadeer Ahmed,Sultan Ahmed,Fahad Alhashmi,Aman Ali,Amjad Ali,Arshad Ali,Asghar Ali,Saqib Ali,Umair Ali,Shehzad Altaf,Shaiman Anwar,Mohammad Aslam,Nasir Aziz,Indika Batuwitarachchi,Andri Berenger,Mohammad Boota,Sohail Butt,Krishna Chandran,Shaukat Dukanwala,Salman Faris,Salman Farooq,Nizel Fernandes,Manjula Guruge,Imran Haider,Saqlain Haider,Amir Hayat,Mazhar Hussain,Asif Iqbal,Mohammad Ishaq,Amjad Javed,Khuram Khan,Zahoor Khan,Arshad Laeeq,Rizwan Latif,Syed Maqsood,Zaheer Maqsood,Vijay Mehra,Adnan Mufti,Usman Mushtaq,Rohan Mustafa,Ganesh Mylvaganam,Naeemuddin,Mohammad Naveed,Fahad Nawaz,Swapnil Patil,Riaz Poonawala,Yodhin Punja,Mohammed Qasim,Ramveer Rai,Ahmed Raza,Saleem Raza,Abdul Rehman,Chundangapoyil Rizwan,Asim Saeed,Azhar Saeed,Saeed-Al-Saffar,Irfan Sajid,Johanne Samarasekera,Ghulam Shabber,Zahid Shah,Kamran Shahzad,Rameez Shahzad,Mohammad Shahzad,Abdul Shakoor,Vikrant Shetty,Alawi Shukri,Shadeep Silva,Laxman Sreekumar,Chirag Suri,Mohammad Tauqir,Fahad Usman,Muhammad Usman,Sultan Zarawani,Sameer Zia,,,,,,,,,,,,,,,,,,,,,,,,,,,,,,,,,,,,,,,,,,,,,,,,,,,,,,,,,,,,,,,,,,,,,,,,,,,,,,,,,,,,,,,,,,,,,,,,,,,,,,,,,,,,,,,,,,,,,,,,,,,,,,,,,,,,,,,,,,,,,,,,,,,,,,,,,,,,,,,,,,,,,,,,,,,,,,,,
United_States_of_America,Aijaz Ali,Rohan Alexander,Donovan Blake,Jignesh Desai,Karima Gore,Howard Johnson,Mark Johnson,Aaron Jones,Ali Khan,Clayton Lambert,Jaskaran Malhotra,Xavier Marshall,Steve Massiah,Nasir Javed,Saurabh Netravalkar,Monank Patel,Timil Patel,Tony Reid,Leon Romero,Jasdeep Singh,Richard Staple,Steven Taylor,Hayden Walsh Jr.,Rashid Zia,,,,,,,,,,,,,,,,,,,,,,,,,,,,,,,,,,,,,,,,,,,,,,,,,,,,,,,,,,,,,,,,,,,,,,,,,,,,,,,,,,,,,,,,,,,,,,,,,,,,,,,,,,,,,,,,,,,,,,,,,,,,,,,,,,,,,,,,,,,,,,,,,,,,,,,,,,,,,,,,,,,,,,,,,,,,,,,,,,,,,,,,,,,,,,,,,,,,,,,,,,,,,,,,,,,,,,,,,,,,,,,,,,,,,,
West_Indies,Jimmy Adams,Fabian Allen,Sunil Ambris,Curtly Ambrose,Hamish Anthony,Keith Arthurton,Richard Austin,Faoud Bacchus,Lionel Baker,Omari Banks,Eldine Baptiste,Adrian Barath,Carlton Baugh,Ronsford Beaton,Kenneth Benjamin,Winston Benjamin,Sulieman Benn,David Bernard,Carlisle Best,Tino Best,Devendra Bishoo,Ian Bishop,Marlon Black,Jermaine Blackwood,Keith Boyce,Ian Bradshaw,Carlos Brathwaite,Kraigg Brathwaite,Darren Bravo,Dwayne Bravo,Darryl Brown,Barrington Browne,Courtney Browne,Patrick Browne,Henderson Bryan,Deighton Butler,John Campbell,Sherwin Campbell,Jonathan Carter,Shivnarine Chanderpaul,Johnson Charles,Roston Chase,Sewnarine Chattergoon,Sylvester Clarke,Pedro Collins,Corey Collymore,Sheldon Cottrell,Royston Crandon,Colin Croft,Cameron Cuffy,Anderson Cummins,Miguel Cummins,Wayne Daniel,Winston Davis,Narsingh Deonarine,Rajindra Dhanraj,Mervyn Dillon,Travis Dowlin,Shane Dowrich,Vasbert Drakes,Jeff Dujon,Fidel Edwards,Kirk Edwards,Reyad Emrit,Shawn Findlay,Andre Fletcher,Maurice Foster,Roy Fredericks,Richard Gabriel,Shannon Gabriel,Daren Ganga,Joel Garner,Leon Garrick,Chris Gayle,Lance Gibbs,Ottis Gibson,Larry Gomes,Tony Gray,Alvin Greenidge,Gordon Greenidge,Adrian Griffith,Roger Harper,Desmond Haynes,Robert Haynes,Ron Headley,Chandrapaul Hemraj,Shimron Hetmyer,Ryan Hinds,Wavell Hinds,Jason Holder,Roland Holder,Vanburn Holder,Michael Holding,Carl Hooper,Kyle Hope,Shai Hope,Ryan Hurley,Danza Hyatt,Ridley Jacobs,Kerry Jeremy,Leon Johnson,Alzarri Joseph,Sylvester Joseph,Bernard Julien,Alvin Kallicharran,Rohan Kanhai,Collis King,Reon King,Clayton Lambert,Brian Lara,Jermaine Lawson,Evin Lewis,Rawl Lewis,Clive Lloyd,Gus Logie,Obed McCoy,Neil McGarrell,Nixon McLean,Malcolm Marshall,Xavier Marshall,Anthony Martin,Everton Mattis,Nikita Miller,Dave Mohammed,Jason Mohammed,Runako Morton,Ezra Moseley,David Murray,Deryck Murray,Junior Murray,Mahendra Nagamootoo,Sunil Narine,Brendan Nash,Ashley Nurse,Brenton Parchment,Derick Parry,Nelon Pascal,Patrick Patterson,Keemo Paul,Thelston Payne,Veerasammy Permaul,Nehemiah Perry,Norbert Phillip,Kieron Pollard,Nicholas Pooran,Daren Powell,Kieran Powell,Ricardo Powell,Rovman Powell,Milton Pydanna,Ryan Ramdass,Denesh Ramdin,Dinanath Ramnarine,Ravi Rampaul,Floyd Reifer,Raymon Reifer,Austin Richards,Dale Richards,Viv Richards,Richie Richardson,Kemar Roach,Andy Roberts,Franklyn Rose,Lawrence Rowe,Andre Russell,Darren Sammy,Marlon Samuels,Robert Samuels,Ramnaresh Sarwan,Keith Semple,Irvine Shillingford,Sew Shivnarine,Lendl Simmons,Phil Simmons,Milton Small,Dwayne Smith,Devon Smith,Garfield Sobers,Colin Stuart,Jerome Taylor,Devon Thomas,Oshane Thomas,Patterson Thompson,Gavin Tonge,Carl Tuckett,Philo Wallace,Courtney Walsh,Chadwick Walton,David Williams,Kesrick Williams,Laurie Williams,Stuart Williams,,,,,,,,,,,,,,,,,,,,,,,,,,,,,,,,,,,,,,,,,,,,,,,,,,,,,,,,,,,,,,
World_XI,Shahid Afridi,Shoaib Akhtar,Chris Cairns,Rahul Dravid,Stephen Fleming,Andrew Flintoff,Chris Gayle,Adam Gilchrist,Darren Gough,Matthew Hayden,Jacques Kallis,Brian Lara,Glenn McGrath,Muttiah Muralitharan,Makhaya Ntini,Kevin Pietersen,Shaun Pollock,Ricky Ponting,Kumar Sangakkara,Virender Sehwag,Sachin Tendulkar,Daniel Vettori,Shane Warne,,,,,,,,,,,,,,,,,,,,,,,,,,,,,,,,,,,,,,,,,,,,,,,,,,,,,,,,,,,,,,,,,,,,,,,,,,,,,,,,,,,,,,,,,,,,,,,,,,,,,,,,,,,,,,,,,,,,,,,,,,,,,,,,,,,,,,,,,,,,,,,,,,,,,,,,,,,,,,,,,,,,,,,,,,,,,,,,,,,,,,,,,,,,,,,,,,,,,,,,,,,,,,,,,,,,,,,,,,,,,,,,,,,,,,,
Zimbabwe,Kevin Arnott,Andy Blignaut,David Brain,Eddo Brandes,Gary Brent,Gavin Briant,Robin Brown,Glen Bruk-Jackson,Ryan Burl,Mark Burmester,Iain Butchart,Alistair Campbell,Stuart Carlisle,Regis Chakabva,Brian Chari,Tendai Chatara,Justice Chibhabha,Elton Chigumbura,Michael Chinouya,Tendai Chisoro,Charles Coventry,Graeme Cremer,Gary Crocker,Kevin Curran,Keith Dabengwa,Sean Davies,Mark Dekker,Kevin Duers,Terry Duffin,Dion Ebrahim,Craig Ervine,Sean Ervine,Ebrahim Essop-Adam,Craig Evans,Gavin Ewing,Duncan Fletcher,Andy Flower,Grant Flower,Travis Friend,Trevor Garwe,Murray Goodwin,Trevor Gripper,Jack Heron,Ryan Higgins,Vincent Hogg,Douglas Hondo,David Houghton,Adam Huckle,Anthony Ireland,Wayne James,Kyle Jarvis,Malcolm Jarvis,Neil Johnson,Luke Jongwe,Roy Kaia,Tafadzwa Kamungozi,Tinashe Kamunhukamwe,Friday Kasteni,Greg Lamb,Charlie Lock,Angus Mackay,Trevor Madondo,Neville Madziva,Blessing Mahwire,Alester Maregwede,Dougie Marillier,Gary Martin,Timycen Maruma,Hamilton Masakadza,Shingirai Masakadza,Wellington Masakadza,Prince Masvaure,Everton Matambanadzo,Stuart Matsikenyeri,Brandon Mavuta,Tinotenda Mawoyo,Mpumelelo Mbangwa,Babu Meman,Keegan Meth,Solomon Mire,Peter Moor,Christopher Mpofu,Tafadzwa Mufambisi,Carl Mumba,Tawanda Mupariwa,Brian Murphy,Ryan Murray,Tarisai Musakanda,Natsai Mushangwe,David Mutendera,Forster Mutizwa,Tinotenda Mutombodzi,Richmond Mutumbami,Blessing Muzarabani,Taurai Muzarabani,Waddington Mwayenga,Njabulo Ncube,Richard Ngarava,Ian Nicolson,Mluleki Nkala,John Nyumbu,Henry Olonga,Ali Shah,Tinashe Panyangara,Grant Paterson,Stephen Peall,Gerald Peckover,Ray Price,Andrew Pycroft,Ed Rainsford,Ujesh Ranchod,Peter Rawson,Sikandar Raza,Gavin Rennie,John Rennie,Piet Rinke,Liam Roche,Barney Rogers,Vusi Sibanda,Richard Sims,Bryan Strang,Paul Strang,Heath Streak,Gregory Strydom,Tatenda Taibu,Brendan Taylor,Donald Tiripano,John Traicos,Prosper Utseya,Mark Vermeulen,Dirk Viljoen,Brian Vitori,Andy Waller,Malcolm Waller,Andrew Whittall,Guy Whittall,Sean Williams,Craig Wishart,Cephas Zhuwao,,,,,,,,,,,,,,,,,,,,,,,,,,,,,,,,,,,,,,,,,,,,,,,,,,,,,,,,,,,,,,,,,,,,,,,,,,,,,,,,,,,,,,,,,,,,,,,,,,,,,,,,,,,,,,,,,,,
